run_tag,symbol,preset,model,ticket,direction,ny_day,entry_time_ny,exit_time_ny,entry_price,exit_price,sl_price,tp_price,risk_points,r_realized,mfe_r,mae_r,spread_pts_entry,range_high,range_low,range_pts,atr_pts,range_atr_ratio,rvol,bias,lots,profit_ccy,balance_after,bars_held,exit_reason
orb_break_direct_fixed_r_t2.0,USATECHIDXUSD,ORB,break_direct,1,LONG,2026-02-02,2026-02-02 09:36:00+00:00,2026-02-02 13:01:00+00:00,25557.98526,25816.17178,25428.89200,25816.17178,129.1,2.0000,2.0252,0.0128,1.1,25554.50000,25428.89200,125.6,0.0,0.000,1.000,OFF,0.00,100.00,10100.00,145,take_profit
orb_break_direct_fixed_r_t2.0,USATECHIDXUSD,ORB,break_direct,2,SHORT,2026-02-03,2026-02-03 09:39:00+00:00,2026-02-03 10:00:00+00:00,25724.39832,25490.49697,25841.34900,25490.49697,117.0,2.0000,2.0603,0.0278,1.1,25841.34900,25728.41900,112.9,0.0,0.000,1.000,OFF,0.00,101.00,10201.00,21,take_profit
orb_break_direct_fixed_r_t2.0,USATECHIDXUSD,ORB,break_direct,3,SHORT,2026-02-03,2026-02-03 10:02:00+00:00,2026-02-03 15:54:00+00:00,25481.96477,25316.71091,25841.34900,24763.19632,359.4,0.4598,1.0300,0.1416,1.1,25841.34900,25728.41900,112.9,0.0,0.000,1.000,OFF,0.00,23.45,10224.45,352,session_flat
orb_break_direct_fixed_r_t2.0,USATECHIDXUSD,ORB,break_direct,4,SHORT,2026-02-04,2026-02-04 09:58:00+00:00,2026-02-04 12:27:00+00:00,25124.60190,24810.70769,25281.54900,24810.70769,156.9,2.0000,2.1941,0.4830,1.1,25281.54900,25127.03800,154.5,119.3,1.295,1.087,OFF,0.00,102.24,10326.70,89,take_profit
orb_break_direct_fixed_r_t2.0,USATECHIDXUSD,ORB,break_direct,5,LONG,2026-02-05,2026-02-05 09:38:00+00:00,2026-02-05 10:08:00+00:00,24751.86237,24553.27900,24553.27900,25149.02910,198.6,-1.0000,0.5448,1.0470,1.1,24714.01100,24553.27900,160.7,131.0,1.227,1.175,OFF,0.00,-51.63,10275.06,30,stop_loss
orb_break_direct_fixed_r_t2.0,USATECHIDXUSD,ORB,break_direct,6,SHORT,2026-02-05,2026-02-05 10:11:00+00:00,2026-02-05 11:33:00+00:00,24544.56650,24714.01100,24714.01100,24205.67749,169.4,-1.0000,0.5593,1.0042,1.1,24714.01100,24553.27900,160.7,131.0,1.227,1.175,OFF,0.00,-51.38,10223.69,82,stop_loss
orb_break_direct_fixed_r_t2.0,USATECHIDXUSD,ORB,break_direct,7,LONG,2026-02-06,2026-02-06 09:39:00+00:00,2026-02-06 15:54:00+00:00,24817.61206,25114.44177,24609.78300,25233.27018,207.8,1.4282,1.5132,0.7953,1.1,24794.38100,24609.78300,184.6,138.4,1.333,1.081,OFF,0.00,73.01,10296.70,375,session_flat
orb_break_direct_fixed_r_t2.0,USATECHIDXUSD,ORB,break_direct,8,LONG,2026-02-09,2026-02-09 09:38:00+00:00,2026-02-09 11:28:00+00:00,25001.09681,25264.96243,24869.16400,25264.96243,131.9,2.0000,2.0267,0.1625,1.1,24987.56600,24869.16400,118.4,147.7,0.802,1.009,OFF,0.00,102.97,10399.67,110,take_profit
orb_break_direct_fixed_r_t2.0,USATECHIDXUSD,ORB,break_direct,9,SHORT,2026-02-10,2026-02-10 09:37:00+00:00,2026-02-10 10:06:00+00:00,25248.97152,25323.82700,25323.82700,25099.26056,74.9,-1.0000,1.0450,1.4502,1.1,25323.82700,25261.46900,62.4,142.8,0.437,0.902,OFF,0.00,-52.00,10347.67,29,stop_loss
orb_break_direct_fixed_r_t2.0,USATECHIDXUSD,ORB,break_direct,10,LONG,2026-02-10,2026-02-10 10:08:00+00:00,2026-02-10 11:22:00+00:00,25352.43817,25261.46900,25261.46900,25534.37652,91.0,-1.0000,0.0946,1.1718,1.1,25323.82700,25261.46900,62.4,142.8,0.437,0.902,OFF,0.00,-51.74,10295.93,74,stop_loss
orb_break_direct_fixed_r_t2.0,USATECHIDXUSD,ORB,break_direct,11,SHORT,2026-02-11,2026-02-11 09:37:00+00:00,2026-02-11 10:13:00+00:00,25278.18861,25069.50783,25382.52900,25069.50783,104.3,2.0000,2.0969,0.7243,1.1,25382.52900,25285.53300,97.0,131.3,0.739,0.929,OFF,0.00,102.96,10398.89,36,take_profit
orb_break_direct_fixed_r_t2.0,USATECHIDXUSD,ORB,break_direct,12,SHORT,2026-02-11,2026-02-11 10:15:00+00:00,2026-02-11 15:54:00+00:00,25105.07365,25229.54357,25382.52900,24550.16295,277.5,-0.4486,0.4630,0.6174,1.1,25382.52900,25285.53300,97.0,131.3,0.739,0.929,OFF,0.00,-23.33,10375.56,339,session_flat
orb_break_direct_fixed_r_t2.0,USATECHIDXUSD,ORB,break_direct,13,SHORT,2026-02-12,2026-02-12 09:45:00+00:00,2026-02-12 10:09:00+00:00,25228.27512,25091.87536,25296.47500,25091.87536,68.2,2.0000,2.0212,0.2173,1.1,25296.47500,25239.36600,57.1,127.0,0.450,0.921,OFF,0.00,103.76,10479.32,24,take_profit
orb_break_direct_fixed_r_t2.0,USATECHIDXUSD,ORB,break_direct,14,SHORT,2026-02-12,2026-02-12 10:11:00+00:00,2026-02-12 11:22:00+00:00,25127.92280,24790.81840,25296.47500,24790.81840,168.6,2.0000,2.0406,0.3097,1.1,25296.47500,25239.36600,57.1,127.0,0.450,0.921,OFF,0.00,104.79,10584.11,71,take_profit
orb_break_direct_fixed_r_t2.0,USATECHIDXUSD,ORB,break_direct,15,SHORT,2026-02-13,2026-02-13 09:38:00+00:00,2026-02-13 09:45:00+00:00,24605.47242,24726.39200,24726.39200,24363.63325,120.9,-1.0000,0.8174,1.0367,1.1,24726.39200,24619.00000,107.4,119.2,0.901,1.089,OFF,0.00,-52.92,10531.19,7,stop_loss
orb_break_direct_fixed_r_t2.0,USATECHIDXUSD,ORB,break_direct,16,LONG,2026-02-13,2026-02-13 09:47:00+00:00,2026-02-13 09:52:00+00:00,24733.25605,24619.00000,24619.00000,24961.76815,114.3,-1.0000,0.3726,1.0062,1.2,24726.39200,24619.00000,107.4,119.2,0.901,1.089,OFF,0.00,-52.66,10478.54,5,stop_loss
orb_break_direct_fixed_r_t2.0,USATECHIDXUSD,ORB,break_direct,17,SHORT,2026-02-16,2026-02-16 09:37:00+00:00,2026-02-16 09:56:00+00:00,24667.00385,24707.18600,24707.18600,24586.63954,40.2,-1.0000,1.1008,1.1297,1.1,24707.18600,24679.52900,27.7,118.1,0.234,0.645,OFF,0.00,-52.39,10426.14,19,stop_loss
orb_break_direct_fixed_r_t2.0,USATECHIDXUSD,ORB,break_direct,18,LONG,2026-02-16,2026-02-16 10:01:00+00:00,2026-02-16 10:18:00+00:00,24718.95993,24679.52900,24679.52900,24797.82179,39.4,-1.0000,0.2235,1.1149,1.1,24707.18600,24679.52900,27.7,118.1,0.234,0.645,OFF,0.00,-52.13,10374.01,17,stop_loss
orb_break_direct_fixed_r_t2.0,USATECHIDXUSD,ORB,break_direct,19,LONG,2026-02-17,2026-02-17 09:36:00+00:00,2026-02-17 09:50:00+00:00,24700.74941,24537.58800,24537.58800,25027.07222,163.2,-1.0000,0.2758,1.2262,1.1,24691.58800,24537.58800,154.0,109.8,1.402,1.057,OFF,0.00,-51.87,10322.14,14,stop_loss
orb_break_direct_fixed_r_t2.0,USATECHIDXUSD,ORB,break_direct,20,SHORT,2026-02-17,2026-02-17 09:52:00+00:00,2026-02-17 11:12:00+00:00,24501.48092,24691.58800,24691.58800,24121.26676,190.1,-1.0000,0.6304,1.0277,1.1,24691.58800,24537.58800,154.0,109.8,1.402,1.057,OFF,0.00,-51.61,10270.53,80,stop_loss
orb_break_direct_fixed_r_t2.0,USATECHIDXUSD,ORB,break_direct,21,LONG,2026-02-18,2026-02-18 09:43:00+00:00,2026-02-18 10:05:00+00:00,24777.26676,24957.08029,24687.36000,24957.08029,89.9,2.0000,2.1610,0.5247,1.1,24768.12100,24687.36000,80.8,113.5,0.711,1.063,OFF,0.00,102.71,10373.24,22,take_profit
orb_break_direct_fixed_r_t2.0,USATECHIDXUSD,ORB,break_direct,22,LONG,2026-02-18,2026-02-18 10:07:00+00:00,2026-02-18 15:54:00+00:00,24963.86102,24921.84060,24687.36000,25516.86305,276.5,-0.1520,0.3470,0.6237,1.1,24768.12100,24687.36000,80.8,113.5,0.711,1.063,OFF,0.00,-7.88,10365.35,347,session_flat
orb_break_direct_fixed_r_t2.0,USATECHIDXUSD,ORB,break_direct,23,SHORT,2026-02-19,2026-02-19 09:36:00+00:00,2026-02-19 09:53:00+00:00,24738.69053,24815.15300,24815.15300,24585.76560,76.5,-1.0000,0.5452,1.0735,1.1,24815.15300,24747.58800,67.6,111.0,0.609,1.003,OFF,0.00,-51.83,10313.53,17,stop_loss
orb_break_direct_fixed_r_t2.0,USATECHIDXUSD,ORB,break_direct,24,LONG,2026-02-19,2026-02-19 09:56:00+00:00,2026-02-19 11:50:00+00:00,24841.78212,24747.58800,24747.58800,25030.17036,94.2,-1.0000,0.5384,1.0281,1.1,24815.15300,24747.58800,67.6,111.0,0.609,1.003,OFF,0.00,-51.57,10261.96,114,stop_loss
orb_break_direct_fixed_r_t2.0,USATECHIDXUSD,ORB,break_direct,25,LONG,2026-02-20,2026-02-20 09:36:00+00:00,2026-02-20 15:54:00+00:00,24794.87774,24992.84803,24620.58800,25143.45723,174.3,1.1359,1.6327,0.1670,1.1,24760.76100,24620.58800,140.2,107.9,1.299,0.984,OFF,0.00,58.28,10320.24,378,session_flat
orb_break_direct_fixed_r_t2.0,USATECHIDXUSD,ORB,break_direct,26,SHORT,2026-02-23,2026-02-23 09:41:00+00:00,2026-02-23 11:04:00+00:00,24871.10174,24647.86721,24982.71900,24647.86721,111.6,2.0000,2.1228,0.3301,1.1,24982.71900,24915.15300,67.6,108.9,0.620,0.975,OFF,0.00,103.20,10423.44,83,take_profit
orb_break_direct_fixed_r_t2.0,USATECHIDXUSD,ORB,break_direct,27,LONG,2026-02-24,2026-02-24 09:41:00+00:00,2026-02-24 15:54:00+00:00,24787.22465,24998.67775,24657.71900,25046.23594,129.5,1.6328,1.8169,0.1580,1.1,24772.81600,24657.71900,115.1,105.7,1.089,0.982,OFF,0.00,85.10,10508.54,373,session_flat
orb_break_direct_fixed_r_t2.0,USATECHIDXUSD,ORB,break_direct,28,LONG,2026-02-25,2026-02-25 09:37:00+00:00,2026-02-25 15:54:00+00:00,25194.12373,25336.83455,25106.48100,25369.40919,87.6,1.6283,1.7364,0.2623,1.1,25192.52500,25106.48100,86.0,102.9,0.836,0.928,OFF,0.00,85.56,10594.10,377,session_flat
orb_break_direct_fixed_r_t2.0,USATECHIDXUSD,ORB,break_direct,29,SHORT,2026-02-26,2026-02-26 09:37:00+00:00,2026-02-26 10:16:00+00:00,25186.45113,24970.52540,25294.41400,24970.52540,108.0,2.0000,2.2147,0.5718,1.1,25294.41400,25209.21900,85.2,97.6,0.873,1.004,OFF,0.00,105.94,10700.04,39,take_profit
orb_break_direct_fixed_r_t2.0,USATECHIDXUSD,ORB,break_direct,30,SHORT,2026-02-27,2026-02-27 09:44:00+00:00,2026-02-27 09:46:00+00:00,24755.07922,24861.27500,24861.27500,24542.68766,106.2,-1.0000,0.0000,1.0951,1.1,24861.27500,24762.37200,98.9,90.5,1.093,1.022,OFF,0.00,-53.50,10646.54,2,stop_loss
orb_break_direct_fixed_r_t2.0,USATECHIDXUSD,ORB,break_direct,31,LONG,2026-02-27,2026-02-27 09:49:00+00:00,2026-02-27 15:54:00+00:00,24881.49712,24940.81950,24762.37200,25119.74735,119.1,0.4980,0.9340,0.5982,1.1,24861.27500,24762.37200,98.9,90.5,1.093,1.022,OFF,0.00,26.51,10673.05,365,session_flat
orb_break_direct_fixed_r_t2.0,USATECHIDXUSD,ORB,break_direct,32,LONG,2026-03-02,2026-03-02 09:37:00+00:00,2026-03-02 15:54:00+00:00,24818.86910,25001.06597,24569.63800,25317.33130,249.2,0.7310,0.9640,0.2476,1.1,24810.09400,24569.63800,240.5,89.1,2.700,0.980,OFF,0.00,39.01,10712.06,377,session_flat
orb_break_direct_fixed_r_t2.0,USATECHIDXUSD,ORB,break_direct,33,LONG,2026-03-03,2026-03-03 09:38:00+00:00,2026-03-03 09:44:00+00:00,24606.14991,24488.89200,24488.89200,24840.66572,117.3,-1.0000,0.1498,1.0863,1.1,24589.42500,24488.89200,100.5,101.8,0.988,0.876,OFF,0.00,-53.56,10658.50,6,stop_loss
orb_break_direct_fixed_r_t2.0,USATECHIDXUSD,ORB,break_direct,34,SHORT,2026-03-03,2026-03-03 09:49:00+00:00,2026-03-03 11:24:00+00:00,24485.69833,24589.42500,24589.42500,24278.24500,103.7,-1.0000,1.6400,1.0562,1.1,24589.42500,24488.89200,100.5,101.8,0.988,0.876,OFF,0.00,-53.29,10605.20,95,stop_loss
orb_break_direct_fixed_r_t2.0,USATECHIDXUSD,ORB,break_direct,35,LONG,2026-03-04,2026-03-04 10:02:00+00:00,2026-03-04 15:54:00+00:00,24937.12002,25108.31182,24803.06600,25205.22806,134.1,1.2770,1.8243,0.5920,1.1,24932.93600,24803.06600,129.9,102.0,1.273,0.934,OFF,0.00,67.72,10672.92,352,session_flat
orb_break_direct_fixed_r_t2.0,USATECHIDXUSD,ORB,break_direct,36,LONG,2026-03-05,2026-03-05 09:36:00+00:00,2026-03-05 10:30:00+00:00,25061.89330,24952.02900,24952.02900,25281.62190,109.9,-1.0000,1.0010,1.3492,1.1,25060.00000,24952.02900,108.0,107.2,1.007,0.943,OFF,0.00,-53.36,10619.56,54,stop_loss
orb_break_direct_fixed_r_t2.0,USATECHIDXUSD,ORB,break_direct,37,SHORT,2026-03-06,2026-03-06 09:36:00+00:00,2026-03-06 09:51:00+00:00,24620.05271,24701.44000,24701.44000,24457.27814,81.4,-1.0000,0.4567,1.1246,1.1,24701.44000,24624.49500,76.9,107.3,0.717,0.964,OFF,0.00,-53.10,10566.46,15,stop_loss
orb_break_direct_fixed_r_t2.0,USATECHIDXUSD,ORB,break_direct,38,SHORT,2026-03-06,2026-03-06 09:59:00+00:00,2026-03-06 10:00:00+00:00,24617.57050,24701.44000,24701.44000,24449.83149,83.9,-1.0000,0.1293,1.5127,1.1,24701.44000,24624.49500,76.9,107.3,0.717,0.964,OFF,0.00,-52.83,10513.63,1,stop_loss
orb_break_direct_fixed_r_t2.0,USATECHIDXUSD,ORB,break_direct,39,SHORT,2026-03-09,2026-03-09 09:37:00+00:00,2026-03-09 10:44:00+00:00,24403.23769,24493.52200,24493.52200,24222.66907,90.3,-1.0000,1.2869,1.1597,1.1,24493.52200,24406.52200,87.0,110.8,0.785,0.954,OFF,0.00,-52.57,10461.06,65,stop_loss
orb_break_direct_fixed_r_t2.0,USATECHIDXUSD,ORB,break_direct,40,SHORT,2026-03-10,2026-03-10 09:43:00+00:00,2026-03-10 10:39:00+00:00,24951.45772,25053.59900,25053.59900,24747.17516,102.1,-1.0000,0.8156,1.1065,1.1,25053.59900,24962.15800,91.4,106.0,0.863,0.873,OFF,0.00,-52.31,10408.75,56,stop_loss
orb_break_direct_fixed_r_t2.0,USATECHIDXUSD,ORB,break_direct,41,LONG,2026-03-11,2026-03-11 09:38:00+00:00,2026-03-11 09:50:00+00:00,25080.93360,25009.11600,25009.11600,25224.56880,71.8,-1.0000,0.1309,1.1205,1.1,25074.82900,25009.11600,65.7,106.8,0.615,0.948,OFF,0.00,-52.04,10356.71,12,stop_loss
orb_break_direct_fixed_r_t2.0,USATECHIDXUSD,ORB,break_direct,42,SHORT,2026-03-11,2026-03-11 09:52:00+00:00,2026-03-11 09:59:00+00:00,24997.52186,25074.82900,25074.82900,24842.90757,77.3,-1.0000,0.0268,1.0428,1.1,25074.82900,25009.11600,65.7,106.8,0.615,0.948,OFF,0.00,-51.78,10304.92,7,stop_loss
orb_break_direct_fixed_r_t2.0,USATECHIDXUSD,ORB,break_direct,43,SHORT,2026-03-12,2026-03-12 09:46:00+00:00,2026-03-12 15:54:00+00:00,24710.39659,24549.76153,24807.67500,24515.83976,97.3,1.6513,1.9181,0.3727,1.1,24807.67500,24722.13100,85.5,106.6,0.802,0.966,OFF,0.00,85.08,10390.01,368,session_flat
orb_break_direct_fixed_r_t2.0,USATECHIDXUSD,ORB,break_direct,44,SHORT,2026-03-13,2026-03-13 09:36:00+00:00,2026-03-13 09:41:00+00:00,24616.94123,24684.05500,24684.05500,24482.71368,67.1,-1.0000,0.3280,1.0350,1.1,24684.05500,24628.31600,55.7,102.7,0.543,0.988,OFF,0.00,-51.95,10338.06,5,stop_loss
orb_break_direct_fixed_r_t2.0,USATECHIDXUSD,ORB,break_direct,45,LONG,2026-03-13,2026-03-13 09:43:00+00:00,2026-03-13 10:17:00+00:00,24710.71399,24628.31600,24628.31600,24875.50997,82.4,-1.0000,0.9419,1.1038,1.1,24684.05500,24628.31600,55.7,102.7,0.543,0.988,OFF,0.00,-51.69,10286.37,34,stop_loss
orb_break_direct_fixed_r_t2.0,USATECHIDXUSD,ORB,break_direct,46,LONG,2026-03-16,2026-03-16 09:36:00+00:00,2026-03-16 10:50:00+00:00,24695.20676,24609.16400,24609.16400,24867.29228,86.0,-1.0000,0.6005,1.0448,1.1,24693.19700,24609.16400,84.0,101.9,0.825,0.939,OFF,0.00,-51.43,10234.93,74,stop_loss
orb_break_direct_fixed_r_t2.0,USATECHIDXUSD,ORB,break_direct,47,LONG,2026-03-17,2026-03-17 09:46:00+00:00,2026-03-17 11:36:00+00:00,24855.11326,24733.81900,24733.81900,25097.70177,121.3,-1.0000,0.2247,1.0877,1.1,24842.34900,24733.81900,108.5,99.7,1.089,0.925,OFF,0.00,-51.17,10183.76,110,stop_loss
orb_break_direct_fixed_r_t2.0,USATECHIDXUSD,ORB,break_direct,48,LONG,2026-03-18,2026-03-18 09:37:00+00:00,2026-03-18 10:13:00+00:00,24730.71137,24675.29400,24675.29400,24841.54610,55.4,-1.0000,0.6768,1.0830,1.1,24729.02900,24675.29400,53.7,101.3,0.531,0.897,OFF,0.00,-50.92,10132.84,36,stop_loss
orb_break_direct_fixed_r_t2.0,USATECHIDXUSD,ORB,break_direct,49,SHORT,2026-03-18,2026-03-18 10:15:00+00:00,2026-03-18 14:52:00+00:00,24666.43466,24541.24598,24729.02900,24541.24598,62.6,2.0000,2.0560,0.6046,1.1,24729.02900,24675.29400,53.7,101.3,0.531,0.897,OFF,0.00,101.33,10234.17,277,take_profit
orb_break_direct_fixed_r_t2.0,USATECHIDXUSD,ORB,break_direct,50,SHORT,2026-03-19,2026-03-19 09:36:00+00:00,2026-03-19 09:41:00+00:00,24109.50774,24207.77900,24207.77900,23912.96523,98.3,-1.0000,0.0339,1.2052,1.1,24207.77900,24113.87000,93.9,99.0,0.948,0.789,OFF,0.00,-51.17,10183.00,5,stop_loss
orb_break_direct_fixed_r_t2.0,USATECHIDXUSD,ORB,break_direct,51,LONG,2026-03-19,2026-03-19 09:43:00+00:00,2026-03-19 15:06:00+00:00,24214.63981,24416.17942,24113.87000,24416.17942,100.8,2.0000,2.4315,0.5201,1.1,24207.77900,24113.87000,93.9,99.0,0.948,0.789,OFF,0.00,101.83,10284.83,323,take_profit
orb_break_direct_fixed_r_t2.0,USATECHIDXUSD,ORB,break_direct,52,SHORT,2026-03-20,2026-03-20 09:51:00+00:00,2026-03-20 14:37:00+00:00,24144.44116,23892.45149,24270.43600,23892.45149,126.0,2.0000,2.0311,0.0695,1.1,24270.43600,24166.09900,104.3,98.7,1.057,0.998,OFF,0.00,102.85,10387.68,286,take_profit
orb_break_direct_fixed_r_t2.0,USATECHIDXUSD,ORB,break_direct,53,LONG,2026-03-23,2026-03-23 09:39:00+00:00,2026-03-23 11:52:00+00:00,24319.45830,24222.24200,24222.24200,24513.89089,97.2,-1.0000,1.5069,1.1239,1.4,24301.80800,24222.24200,79.6,88.9,0.895,0.807,OFF,0.00,-51.94,10335.74,133,stop_loss
orb_break_direct_fixed_r_t2.0,USATECHIDXUSD,ORB,break_direct,54,SHORT,2026-03-24,2026-03-24 09:40:00+00:00,2026-03-24 11:11:00+00:00,23993.83287,24101.91400,24101.91400,23777.67061,108.1,-1.0000,0.6790,1.0339,1.1,24101.91400,24012.83800,89.1,87.5,1.019,0.926,OFF,0.00,-51.68,10284.06,83,stop_loss
orb_break_direct_fixed_r_t2.0,USATECHIDXUSD,ORB,break_direct,55,LONG,2026-03-25,2026-03-25 09:36:00+00:00,2026-03-25 09:49:00+00:00,24270.36828,24217.67600,24217.67600,24375.75283,52.7,-1.0000,0.8582,1.2762,1.4,24267.90900,24217.67600,50.2,84.5,0.594,0.734,OFF,0.00,-51.42,10232.64,13,stop_loss
orb_break_direct_fixed_r_t2.0,USATECHIDXUSD,ORB,break_direct,56,SHORT,2026-03-25,2026-03-25 09:51:00+00:00,2026-03-25 10:20:00+00:00,24168.50566,24267.90900,24267.90900,23969.69898,99.4,-1.0000,0.5050,1.0113,1.4,24267.90900,24217.67600,50.2,84.5,0.594,0.734,OFF,0.00,-51.16,10181.48,29,stop_loss
orb_break_direct_fixed_r_t2.0,USATECHIDXUSD,ORB,break_direct,57,SHORT,2026-03-26,2026-03-26 09:40:00+00:00,2026-03-26 09:44:00+00:00,23859.57082,23948.62000,23948.62000,23681.47245,89.0,-1.0000,0.0058,1.0164,1.1,23948.62000,23882.02200,66.6,80.4,0.828,0.994,OFF,0.00,-50.91,10130.57,4,stop_loss
orb_break_direct_fixed_r_t2.0,USATECHIDXUSD,ORB,break_direct,58,LONG,2026-03-26,2026-03-26 09:46:00+00:00,2026-03-26 10:53:00+00:00,23965.83958,23882.02200,23882.02200,24133.47473,83.8,-1.0000,0.7516,1.0940,1.1,23948.62000,23882.02200,66.6,80.4,0.828,0.994,OFF,0.00,-50.65,10079.92,66,stop_loss
orb_break_direct_fixed_r_t2.0,USATECHIDXUSD,ORB,break_direct,59,SHORT,2026-03-27,2026-03-27 09:36:00+00:00,2026-03-27 15:04:00+00:00,23358.82343,23137.81230,23469.32900,23137.81230,110.5,2.0000,2.0418,0.8482,1.1,23469.32900,23363.82200,105.5,79.7,1.324,1.036,OFF,0.00,100.80,10180.72,327,take_profit
orb_break_direct_fixed_r_t2.0,USATECHIDXUSD,ORB,break_direct,60,SHORT,2026-03-30,2026-03-30 09:36:00+00:00,2026-03-30 13:13:00+00:00,23262.45111,23075.09133,23356.13100,23075.09133,93.7,2.0000,2.1636,0.0622,1.1,23356.13100,23276.65300,79.5,81.0,0.981,1.070,OFF,0.00,101.81,10282.52,217,take_profit
orb_break_direct_fixed_r_t2.0,USATECHIDXUSD,ORB,break_direct,61,LONG,2026-03-31,2026-03-31 09:47:00+00:00,2026-03-31 10:56:00+00:00,23296.88917,23198.90300,23198.90300,23492.86150,98.0,-1.0000,1.0984,1.0350,1.1,23276.75000,23198.90300,77.8,80.1,0.971,1.049,OFF,0.00,-51.41,10231.11,69,stop_loss
orb_break_direct_fixed_r_t2.0,USATECHIDXUSD,ORB,break_direct,62,LONG,2026-04-01,2026-04-01 09:37:00+00:00,2026-04-01 15:54:00+00:00,23985.42672,24021.81788,23864.21600,24227.84815,121.2,0.3002,1.4553,0.8690,1.1,23979.92900,23864.21600,115.7,81.0,1.428,1.047,OFF,0.00,15.36,10246.47,377,session_flat
orb_break_direct_fixed_r_t2.0,USATECHIDXUSD,ORB,break_direct,63,SHORT,2026-04-02,2026-04-02 09:36:00+00:00,2026-04-02 09:53:00+00:00,23558.86592,23643.05600,23643.05600,23390.48576,84.2,-1.0000,0.6595,1.3017,1.1,23643.05600,23587.04500,56.0,83.2,0.673,1.076,OFF,0.00,-51.23,10195.24,17,stop_loss
orb_break_direct_fixed_r_t2.0,USATECHIDXUSD,ORB,break_direct,64,LONG,2026-04-02,2026-04-02 09:55:00+00:00,2026-04-02 10:33:00+00:00,23671.07378,23839.13135,23587.04500,23839.13135,84.0,2.0000,2.1847,0.1125,1.1,23643.05600,23587.04500,56.0,83.2,0.673,1.076,OFF,0.00,101.95,10297.19,38,take_profit
orb_break_direct_fixed_r_t2.0,USATECHIDXUSD,ORB,break_direct,65,SHORT,2026-04-06,2026-04-06 09:37:00+00:00,2026-04-06 09:45:00+00:00,24083.78612,24197.17500,24197.17500,23857.00835,113.4,-1.0000,0.0815,1.0289,1.1,24197.17500,24091.21900,106.0,83.2,1.274,1.091,OFF,0.00,-51.49,10245.70,8,stop_loss
orb_break_direct_fixed_r_t2.0,USATECHIDXUSD,ORB,break_direct,66,LONG,2026-04-06,2026-04-06 09:48:00+00:00,2026-04-06 10:49:00+00:00,24202.22065,24091.21900,24091.21900,24424.22395,111.0,-1.0000,0.6482,1.0214,1.1,24197.17500,24091.21900,106.0,83.2,1.274,1.091,OFF,0.00,-51.23,10194.47,61,stop_loss
orb_break_direct_fixed_r_t2.0,USATECHIDXUSD,ORB,break_direct,67,SHORT,2026-04-07,2026-04-07 09:41:00+00:00,2026-04-07 10:08:00+00:00,24028.51912,23841.25935,24122.14900,23841.25935,93.6,2.0000,2.1762,0.3498,1.1,24122.14900,24029.02900,93.1,84.7,1.099,1.051,OFF,0.00,101.94,10296.42,27,take_profit
orb_break_direct_fixed_r_t2.0,USATECHIDXUSD,ORB,break_direct,68,SHORT,2026-04-08,2026-04-08 09:40:00+00:00,2026-04-08 15:54:00+00:00,24952.25685,24865.17812,25066.36600,24724.03854,114.1,0.7631,1.7541,0.3315,1.1,25066.36600,24962.22500,104.1,83.6,1.245,1.026,OFF,0.00,39.29,10335.71,374,session_flat
orb_break_direct_fixed_r_t2.0,USATECHIDXUSD,ORB,break_direct,69,LONG,2026-04-09,2026-04-09 09:44:00+00:00,2026-04-09 09:53:00+00:00,24931.45361,24847.96600,24847.96600,25098.42884,83.5,-1.0000,0.0792,1.0527,1.1,24929.57500,24847.96600,81.6,87.2,0.935,1.045,OFF,0.00,-51.68,10284.03,9,stop_loss
orb_break_direct_fixed_r_t2.0,USATECHIDXUSD,ORB,break_direct,70,SHORT,2026-04-09,2026-04-09 09:57:00+00:00,2026-04-09 11:20:00+00:00,24844.60045,24929.57500,24929.57500,24674.65135,85.0,-1.0000,0.6765,1.0229,1.1,24929.57500,24847.96600,81.6,87.2,0.935,1.045,OFF,0.00,-51.42,10232.61,83,stop_loss
orb_break_direct_fixed_r_t2.0,USATECHIDXUSD,ORB,break_direct,71,SHORT,2026-04-10,2026-04-10 09:40:00+00:00,2026-04-10 10:32:00+00:00,25142.32654,25203.89100,25203.89100,25019.19764,61.6,-1.0000,0.6259,1.0683,1.1,25203.89100,25144.76000,59.1,86.4,0.685,1.067,OFF,0.00,-51.16,10181.44,52,stop_loss
orb_break_direct_fixed_r_t2.0,USATECHIDXUSD,ORB,break_direct,72,SHORT,2026-04-13,2026-04-13 09:37:00+00:00,2026-04-13 09:49:00+00:00,25016.97677,25071.59900,25071.59900,24907.73230,54.6,-1.0000,0.3859,1.7127,1.1,25071.59900,25032.29400,39.3,83.1,0.473,0.998,OFF,0.00,-50.91,10130.54,12,stop_loss
orb_break_direct_fixed_r_t2.0,USATECHIDXUSD,ORB,break_direct,73,LONG,2026-04-13,2026-04-13 09:51:00+00:00,2026-04-13 15:33:00+00:00,25125.88481,25313.06644,25032.29400,25313.06644,93.6,2.0000,2.0156,0.6468,1.1,25071.59900,25032.29400,39.3,83.1,0.473,0.998,OFF,0.00,101.31,10231.84,342,take_profit
orb_break_direct_fixed_r_t2.0,USATECHIDXUSD,ORB,break_direct,74,LONG,2026-04-14,2026-04-14 09:36:00+00:00,2026-04-14 12:26:00+00:00,25583.31782,25759.79945,25495.07700,25759.79945,88.2,2.0000,2.0322,0.4565,1.1,25566.54400,25495.07700,71.5,80.3,0.890,1.021,OFF,0.00,102.32,10334.16,170,take_profit
orb_break_direct_fixed_r_t2.0,USATECHIDXUSD,ORB,break_direct,75,LONG,2026-04-15,2026-04-15 09:39:00+00:00,2026-04-15 09:44:00+00:00,25882.84808,25832.66400,25832.66400,25983.21625,50.2,-1.0000,0.2673,1.2155,1.1,25875.92500,25832.66400,43.3,79.0,0.548,1.060,OFF,0.00,-51.67,10282.49,5,stop_loss
orb_break_direct_fixed_r_t2.0,USATECHIDXUSD,ORB,break_direct,76,LONG,2026-04-15,2026-04-15 09:48:00+00:00,2026-04-15 10:32:00+00:00,25883.85475,25986.23626,25832.66400,25986.23626,51.2,2.0000,2.0326,0.4109,1.1,25875.92500,25832.66400,43.3,79.0,0.548,1.060,OFF,0.00,102.82,10385.31,44,take_profit
orb_break_direct_fixed_r_t2.0,USATECHIDXUSD,ORB,break_direct,77,SHORT,2026-04-16,2026-04-16 09:37:00+00:00,2026-04-16 11:08:00+00:00,26203.39945,26290.03300,26290.03300,26030.13236,86.6,-1.0000,1.0172,1.0550,1.1,26290.03300,26206.71900,83.3,78.5,1.061,1.039,OFF,0.00,-51.93,10333.39,91,stop_loss
orb_break_direct_fixed_r_t2.0,USATECHIDXUSD,ORB,break_direct,78,LONG,2026-04-17,2026-04-17 09:52:00+00:00,2026-04-17 15:54:00+00:00,26580.12309,26654.42029,26476.75000,26786.86927,103.4,0.7187,1.3542,0.4397,1.1,26566.20800,26476.75000,89.5,79.7,1.122,0.985,OFF,0.00,37.13,10370.52,362,session_flat
orb_break_direct_fixed_r_t2.0,USATECHIDXUSD,ORB,break_direct,79,LONG,2026-04-21,2026-04-21 10:00:00+00:00,2026-04-21 10:59:00+00:00,26684.66097,26583.77900,26583.77900,26886.42491,100.9,-1.0000,0.4522,1.0800,1.1,26671.58800,26583.77900,87.8,78.6,1.118,1.087,OFF,0.00,-51.85,10318.67,59,stop_loss
orb_break_direct_fixed_r_t2.0,USATECHIDXUSD,ORB,break_direct,80,LONG,2026-04-22,2026-04-22 10:02:00+00:00,2026-04-22 15:47:00+00:00,26745.42509,26909.67128,26663.30200,26909.67128,82.1,2.0000,2.0489,0.5391,1.1,26741.06300,26663.30200,77.8,79.2,0.982,1.057,OFF,0.00,103.19,10421.86,345,take_profit
orb_break_direct_fixed_r_t2.0,USATECHIDXUSD,ORB,break_direct,81,LONG,2026-04-23,2026-04-23 09:36:00+00:00,2026-04-23 11:18:00+00:00,26874.15025,26987.31875,26817.56600,26987.31875,56.6,2.0000,2.0187,0.9045,1.1,26869.52200,26817.56600,52.0,79.1,0.656,1.069,OFF,0.00,104.22,10526.08,102,take_profit
orb_break_direct_fixed_r_t2.0,USATECHIDXUSD,ORB,break_direct,82,LONG,2026-04-24,2026-04-24 09:40:00+00:00,2026-04-24 09:54:00+00:00,27105.43804,27038.42500,27038.42500,27239.46412,67.0,-1.0000,0.1883,1.2258,1.1,27103.04400,27038.42500,64.6,74.6,0.866,1.033,OFF,0.00,-52.63,10473.45,14,stop_loss
orb_break_direct_fixed_r_t2.0,USATECHIDXUSD,ORB,break_direct,83,SHORT,2026-04-24,2026-04-24 09:56:00+00:00,2026-04-24 10:12:00+00:00,27011.47426,27103.04400,27103.04400,26828.33478,91.6,-1.0000,0.2518,1.1984,1.1,27103.04400,27038.42500,64.6,74.6,0.866,1.033,OFF,0.00,-52.37,10421.08,16,stop_loss
orb_break_direct_fixed_r_t2.0,USATECHIDXUSD,ORB,break_direct,84,SHORT,2026-04-27,2026-04-27 09:46:00+00:00,2026-04-27 13:33:00+00:00,27222.96574,27292.38100,27292.38100,27084.13521,69.4,-1.0000,0.8698,1.0801,1.1,27292.38100,27226.32700,66.1,75.2,0.878,1.068,OFF,0.00,-52.11,10368.97,227,stop_loss
orb_break_direct_fixed_r_t2.0,USATECHIDXUSD,ORB,break_direct,85,LONG,2026-04-28,2026-04-28 09:36:00+00:00,2026-04-28 10:36:00+00:00,27034.82103,26965.66400,26965.66400,27173.13508,69.2,-1.0000,1.1713,1.0799,1.1,27015.18600,26965.66400,49.5,72.4,0.684,0.578,OFF,0.00,-51.84,10317.13,60,stop_loss
orb_break_direct_fixed_r_t2.0,USATECHIDXUSD,ORB,break_direct,86,LONG,2026-04-29,2026-04-29 09:54:00+00:00,2026-04-29 15:54:00+00:00,27083.97973,27159.05996,26998.81400,27254.31118,85.2,0.8816,1.3939,0.7583,1.1,27082.99900,26998.81400,84.2,69.2,1.216,1.061,OFF,0.00,45.48,10362.60,360,session_flat
orb_break_direct_fixed_r_t2.0,USATECHIDXUSD,ORB,break_direct,87,SHORT,2026-04-30,2026-04-30 09:36:00+00:00,2026-04-30 13:30:00+00:00,27198.78721,27361.38900,27361.38900,26873.58362,162.6,-1.0000,1.0327,1.0144,1.1,27361.38900,27211.55100,149.8,67.8,2.209,1.032,OFF,0.00,-51.81,10310.79,234,stop_loss
orb_break_direct_fixed_r_t2.0,USATECHIDXUSD,ORB,break_direct,88,LONG,2026-05-01,2026-05-01 09:40:00+00:00,2026-05-01 15:54:00+00:00,27642.23832,27721.36542,27491.26100,27944.19295,151.0,0.5241,0.9817,0.1160,1.1,27620.09900,27491.26100,128.8,72.7,1.772,1.080,OFF,0.00,27.02,10337.81,374,session_flat
orb_break_direct_fixed_r_t2.0,USATECHIDXUSD,ORB,break_direct,89,LONG,2026-05-04,2026-05-04 09:46:00+00:00,2026-05-04 11:19:00+00:00,27758.61193,27691.45300,27691.45300,27892.92980,67.2,-1.0000,0.9254,1.3219,1.1,27752.87700,27691.45300,61.4,77.7,0.791,1.086,OFF,0.00,-51.69,10286.12,93,stop_loss
orb_break_direct_fixed_r_t2.0,USATECHIDXUSD,ORB,break_direct,90,LONG,2026-05-05,2026-05-05 09:36:00+00:00,2026-05-05 14:05:00+00:00,27920.33854,28050.68763,27855.16400,28050.68763,65.2,2.0000,2.0647,0.1126,1.1,27914.39900,27855.16400,59.2,79.3,0.747,1.062,OFF,0.00,102.86,10388.98,269,take_profit
orb_break_direct_fixed_r_t2.0,USATECHIDXUSD,ORB,break_direct,91,LONG,2026-05-06,2026-05-06 09:42:00+00:00,2026-05-06 15:16:00+00:00,28331.58242,28558.61526,28218.06600,28558.61526,113.5,2.0000,2.0384,0.5681,1.1,28327.27200,28218.06600,109.2,78.4,1.393,1.074,OFF,0.00,103.89,10492.87,334,take_profit
orb_break_direct_fixed_r_t2.0,USATECHIDXUSD,ORB,break_direct,92,LONG,2026-05-07,2026-05-07 09:39:00+00:00,2026-05-07 09:45:00+00:00,28656.09666,28609.27900,28609.27900,28749.73199,46.8,-1.0000,0.2041,1.2985,1.1,28652.75000,28609.27900,43.5,83.1,0.523,1.060,OFF,0.00,-52.46,10440.41,6,stop_loss
orb_break_direct_fixed_r_t2.0,USATECHIDXUSD,ORB,break_direct,93,SHORT,2026-05-07,2026-05-07 09:48:00+00:00,2026-05-07 09:53:00+00:00,28595.20870,28652.75000,28652.75000,28480.12610,57.5,-1.0000,0.0484,1.0355,1.1,28652.75000,28609.27900,43.5,83.1,0.523,1.060,OFF,0.00,-52.20,10388.21,5,stop_loss
orb_break_direct_fixed_r_t2.0,USATECHIDXUSD,ORB,break_direct,94,LONG,2026-05-08,2026-05-08 09:37:00+00:00,2026-05-08 12:14:00+00:00,28869.33343,29107.34629,28750.32700,29107.34629,119.0,2.0000,2.0419,0.3406,1.1,28856.80500,28750.32700,106.5,80.2,1.327,1.031,OFF,0.00,103.88,10492.09,157,take_profit
orb_break_direct_fixed_r_t2.0,USATECHIDXUSD,ORB,break_direct,95,LONG,2026-05-12,2026-05-12 09:40:00+00:00,2026-05-12 09:57:00+00:00,29118.08683,29037.63100,29037.63100,29278.99848,80.5,-1.0000,0.8507,1.1527,1.1,29117.76100,29037.63100,80.1,86.0,0.932,1.036,OFF,0.00,-52.46,10439.63,17,stop_loss
orb_break_direct_fixed_r_t2.0,USATECHIDXUSD,ORB,break_direct,96,SHORT,2026-05-12,2026-05-12 09:59:00+00:00,2026-05-12 10:20:00+00:00,29022.75036,29117.76100,29117.76100,28832.72907,95.0,-1.0000,0.4545,1.0002,1.1,29117.76100,29037.63100,80.1,86.0,0.932,1.036,OFF,0.00,-52.20,10387.43,21,stop_loss
orb_break_direct_fixed_r_t2.0,USATECHIDXUSD,ORB,break_direct,97,SHORT,2026-05-13,2026-05-13 09:36:00+00:00,2026-05-13 10:52:00+00:00,29110.78140,29184.07800,29184.07800,28964.18821,73.3,-1.0000,1.8980,1.1049,1.1,29184.07800,29112.76200,71.3,86.2,0.828,0.983,OFF,0.00,-51.94,10335.49,72,stop_loss
orb_break_direct_fixed_r_t2.0,USATECHIDXUSD,ORB,break_direct,98,LONG,2026-05-14,2026-05-14 09:36:00+00:00,2026-05-14 11:28:00+00:00,29457.59111,29668.20732,29352.28300,29668.20732,105.3,2.0000,2.0141,0.3481,1.1,29444.54400,29352.28300,92.3,87.5,1.054,0.984,OFF,0.00,103.35,10438.85,112,take_profit
orb_break_direct_fixed_r_t2.0,USATECHIDXUSD,ORB,break_direct,99,SHORT,2026-05-15,2026-05-15 09:38:00+00:00,2026-05-15 10:13:00+00:00,29065.80848,29190.84300,29190.84300,28815.73944,125.0,-1.0000,0.6069,1.0881,1.1,29190.84300,29089.83200,101.0,89.5,1.128,1.069,OFF,0.00,-52.19,10386.65,35,stop_loss
orb_break_direct_fixed_r_t2.0,USATECHIDXUSD,ORB,break_direct,100,LONG,2026-05-15,2026-05-15 10:15:00+00:00,2026-05-15 15:54:00+00:00,29202.26927,29134.90477,29089.83200,29427.14381,112.4,-0.5991,1.6597,0.7643,1.1,29190.84300,29089.83200,101.0,89.5,1.128,1.069,OFF,0.00,-31.11,10355.54,339,session_flat
orb_break_direct_fixed_r_t2.0,USATECHIDXUSD,ORB,break_direct,101,SHORT,2026-05-18,2026-05-18 09:37:00+00:00,2026-05-18 10:33:00+00:00,29159.15493,28959.96478,29258.75000,28959.96478,99.6,2.0000,2.1529,0.5142,1.1,29258.75000,29180.62000,78.1,92.0,0.849,1.032,OFF,0.00,103.56,10459.09,56,take_profit
orb_break_direct_fixed_r_t2.0,USATECHIDXUSD,ORB,break_direct,102,LONG,2026-05-19,2026-05-19 09:37:00+00:00,2026-05-19 10:05:00+00:00,28951.74852,28753.05500,28753.05500,29349.13556,198.7,-1.0000,0.0976,1.0600,1.1,28902.02900,28753.05500,149.0,94.1,1.584,1.074,OFF,0.00,-52.30,10406.80,28,stop_loss
orb_break_direct_fixed_r_t2.0,USATECHIDXUSD,ORB,break_direct,103,SHORT,2026-05-19,2026-05-19 10:07:00+00:00,2026-05-19 12:51:00+00:00,28736.36971,28902.02900,28902.02900,28405.05112,165.7,-1.0000,1.0206,1.0309,1.1,28902.02900,28753.05500,149.0,94.1,1.584,1.074,OFF,0.00,-52.03,10354.76,164,stop_loss
orb_break_direct_fixed_r_t2.0,USATECHIDXUSD,ORB,break_direct,104,SHORT,2026-05-20,2026-05-20 09:36:00+00:00,2026-05-20 09:45:00+00:00,28971.85819,29060.73200,29060.73200,28794.11056,88.9,-1.0000,0.4673,1.0661,1.1,29060.73200,28979.79800,80.9,98.7,0.820,1.028,OFF,0.00,-51.77,10302.99,9,stop_loss
orb_break_direct_fixed_r_t2.0,USATECHIDXUSD,ORB,break_direct,105,LONG,2026-05-20,2026-05-20 09:47:00+00:00,2026-05-20 09:51:00+00:00,29100.53244,28979.79800,28979.79800,29342.00133,120.7,-1.0000,0.0026,1.0031,1.1,29060.73200,28979.79800,80.9,98.7,0.820,1.028,OFF,0.00,-51.51,10251.48,4,stop_loss
orb_break_direct_fixed_r_t2.0,USATECHIDXUSD,ORB,break_direct,106,LONG,2026-05-21,2026-05-21 09:55:00+00:00,2026-05-21 10:20:00+00:00,29204.03785,29084.02900,29084.02900,29444.05556,120.0,-1.0000,0.3661,1.2296,1.1,29175.29400,29084.02900,91.3,93.8,0.973,1.100,OFF,0.00,-51.26,10200.22,25,stop_loss
orb_break_direct_fixed_r_t2.0,USATECHIDXUSD,ORB,break_direct,107,SHORT,2026-05-21,2026-05-21 10:22:00+00:00,2026-05-21 11:41:00+00:00,29056.27640,29175.29400,29175.29400,28818.24121,119.0,-1.0000,0.0345,1.0180,1.1,29175.29400,29084.02900,91.3,93.8,0.973,1.100,OFF,0.00,-51.00,10149.22,79,stop_loss
orb_break_direct_fixed_r_t2.0,USATECHIDXUSD,ORB,break_direct,108,LONG,2026-05-22,2026-05-22 09:38:00+00:00,2026-05-22 10:02:00+00:00,29607.38760,29474.00300,29474.00300,29874.15681,133.4,-1.0000,0.2279,1.1252,1.1,29579.80500,29474.00300,105.8,91.1,1.162,0.981,OFF,0.00,-50.75,10098.47,24,stop_loss
orb_break_direct_fixed_r_t2.0,USATECHIDXUSD,ORB,break_direct,109,SHORT,2026-05-22,2026-05-22 10:07:00+00:00,2026-05-22 11:01:00+00:00,29459.68958,29579.80500,29579.80500,29219.45874,120.1,-1.0000,0.3861,1.0496,1.1,29579.80500,29474.00300,105.8,91.1,1.162,0.981,OFF,0.00,-50.49,10047.98,54,stop_loss
orb_break_direct_fixed_r_t2.0,USATECHIDXUSD,ORB,break_direct,110,LONG,2026-05-25,2026-05-25 09:36:00+00:00,2026-05-25 10:30:00+00:00,29886.10167,29862.54101,29862.54101,29933.22299,23.6,-1.0000,1.3178,1.0520,1.1,29881.46900,29864.44700,17.0,94.2,0.181,0.402,OFF,0.00,-50.24,9997.74,54,stop_loss
orb_break_direct_fixed_r_t2.0,USATECHIDXUSD,ORB,break_direct,111,SHORT,2026-05-26,2026-05-26 09:36:00+00:00,2026-05-26 09:43:00+00:00,29766.13028,29859.87200,29859.87200,29578.64685,93.7,-1.0000,0.0480,1.0492,1.1,29859.87200,29768.89400,91.0,91.2,0.997,0.998,OFF,0.00,-49.99,9947.75,7,stop_loss
orb_break_direct_fixed_r_t2.0,USATECHIDXUSD,ORB,break_direct,112,LONG,2026-05-26,2026-05-26 09:45:00+00:00,2026-05-26 15:54:00+00:00,29860.50425,30022.68392,29768.89400,30043.72474,91.6,1.7703,1.9920,0.5376,1.1,29859.87200,29768.89400,91.0,91.2,0.997,0.998,OFF,0.00,88.05,10035.80,369,session_flat
orb_break_direct_fixed_r_t2.0,USATECHIDXUSD,ORB,break_direct,113,SHORT,2026-05-27,2026-05-27 09:36:00+00:00,2026-05-27 09:44:00+00:00,30045.06065,29902.13794,30116.52200,29902.13794,71.5,2.0000,2.1008,0.2042,1.1,30116.52200,30056.55500,60.0,89.9,0.667,0.962,OFF,0.00,100.36,10136.16,8,take_profit
orb_break_direct_fixed_r_t2.0,USATECHIDXUSD,ORB,break_direct,114,SHORT,2026-05-27,2026-05-27 09:46:00+00:00,2026-05-27 15:54:00+00:00,29958.74183,29965.76083,30116.52200,29643.18149,157.8,-0.0445,0.9512,0.4368,1.1,30116.52200,30056.55500,60.0,89.9,0.667,0.962,OFF,0.00,-2.25,10133.91,368,session_flat
orb_break_direct_fixed_r_t2.0,USATECHIDXUSD,ORB,break_direct,115,SHORT,2026-05-28,2026-05-28 09:38:00+00:00,2026-05-28 10:19:00+00:00,29924.15623,30042.64200,30042.64200,29687.18469,118.5,-1.0000,0.6258,1.2927,1.1,30042.64200,29936.14200,106.5,91.1,1.169,0.992,OFF,0.00,-50.67,10083.24,35,stop_loss
orb_break_direct_fixed_r_t2.0,USATECHIDXUSD,ORB,break_direct,116,LONG,2026-05-28,2026-05-28 10:21:00+00:00,2026-05-28 15:54:00+00:00,30050.62735,30218.36705,29936.14200,30279.59804,114.5,1.4652,1.8675,0.5303,1.2,30042.64200,29936.14200,106.5,91.1,1.169,0.992,OFF,0.00,73.87,10157.11,333,session_flat
orb_break_direct_fixed_r_t2.0,USATECHIDXUSD,ORB,break_direct,117,LONG,2026-05-29,2026-05-29 09:38:00+00:00,2026-05-29 10:26:00+00:00,30360.54209,30292.40400,30292.40400,30496.81828,68.1,-1.0000,1.5540,1.1654,1.1,30351.51300,30292.40400,59.1,91.1,0.649,0.996,OFF,0.00,-50.79,10106.32,48,stop_loss
orb_break_direct_fixed_r_t2.0,USATECHIDXUSD,ORB,break_direct,118,LONG,2026-06-01,2026-06-01 09:36:00+00:00,2026-06-01 09:59:00+00:00,30374.68216,30248.45000,30248.45000,30627.14649,126.2,-1.0000,0.2403,1.0195,1.1,30358.72200,30248.45000,110.3,84.5,1.305,0.948,OFF,0.00,-50.53,10055.79,23,stop_loss
orb_break_direct_fixed_r_t2.0,USATECHIDXUSD,ORB,break_direct,119,SHORT,2026-06-01,2026-06-01 10:04:00+00:00,2026-06-01 10:22:00+00:00,30238.59740,30358.72200,30358.72200,29998.34820,120.1,-1.0000,0.0248,1.0142,1.1,30358.72200,30248.45000,110.3,84.5,1.305,0.948,OFF,0.00,-50.28,10005.51,18,stop_loss
orb_break_direct_fixed_r_t2.0,USATECHIDXUSD,ORB,break_direct,120,SHORT,2026-06-02,2026-06-02 09:36:00+00:00,2026-06-02 09:50:00+00:00,30402.74900,30509.34900,30509.34900,30189.54900,106.6,-1.0000,0.2988,1.0140,1.1,30509.34900,30413.80500,95.5,86.7,1.102,1.012,OFF,0.00,-50.03,9955.48,14,stop_loss
orb_break_direct_fixed_r_t2.0,USATECHIDXUSD,ORB,break_direct,121,LONG,2026-06-02,2026-06-02 09:54:00+00:00,2026-06-02 15:54:00+00:00,30522.07309,30647.10777,30413.80500,30738.60926,108.3,1.1549,1.2800,0.3721,1.1,30509.34900,30413.80500,95.5,86.7,1.102,1.012,OFF,0.00,57.49,10012.97,360,session_flat
orb_break_direct_fixed_r_t2.0,USATECHIDXUSD,ORB,break_direct,122,SHORT,2026-06-03,2026-06-03 09:36:00+00:00,2026-06-03 15:54:00+00:00,30632.75545,30592.38021,30759.92500,30378.41634,127.2,0.3175,1.4425,0.4656,1.1,30759.92500,30667.68600,92.2,88.4,1.043,0.852,OFF,0.00,15.90,10028.86,378,session_flat
orb_break_direct_fixed_r_t2.0,USATECHIDXUSD,ORB,break_direct,123,SHORT,2026-06-04,2026-06-04 09:46:00+00:00,2026-06-04 10:59:00+00:00,30141.32794,30296.40300,30296.40300,29831.17783,155.1,-1.0000,0.3188,1.0049,1.1,30296.40300,30153.45800,142.9,88.4,1.617,0.989,OFF,0.00,-50.14,9978.72,73,stop_loss
orb_break_direct_fixed_r_t2.0,USATECHIDXUSD,ORB,break_direct,124,SHORT,2026-06-05,2026-06-05 09:39:00+00:00,2026-06-05 11:13:00+00:00,29928.36037,29700.28310,30042.39900,29700.28310,114.0,2.0000,2.0838,0.2035,1.1,30042.39900,29942.92500,99.5,91.4,1.088,0.968,OFF,0.00,99.79,10078.51,34,take_profit
orb_break_direct_fixed_r_t2.0,USATECHIDXUSD,ORB,break_direct,125,SHORT,2026-06-08,2026-06-08 09:58:00+00:00,2026-06-08 10:36:00+00:00,29335.71469,29540.65300,29540.65300,28925.83807,204.9,-1.0000,0.2275,1.0766,1.1,29540.65300,29373.58800,167.1,92.9,1.798,1.095,OFF,0.00,-50.39,10028.11,38,stop_loss
orb_break_direct_fixed_r_t2.0,USATECHIDXUSD,ORB,break_direct,126,LONG,2026-06-09,2026-06-09 09:44:00+00:00,2026-06-09 10:00:00+00:00,29712.20364,29596.82700,29596.82700,29942.95692,115.4,-1.0000,0.8228,1.0763,1.1,29698.65300,29596.82700,101.8,94.2,1.081,1.018,OFF,0.00,-50.14,9977.97,16,stop_loss
orb_break_direct_fixed_r_t2.0,USATECHIDXUSD,ORB,break_direct,127,SHORT,2026-06-09,2026-06-09 10:10:00+00:00,2026-06-09 10:17:00+00:00,29592.02736,29378.77609,29698.65300,29378.77609,106.6,2.0000,2.2927,0.0105,1.1,29698.65300,29596.82700,101.8,94.2,1.081,1.018,OFF,0.00,99.78,10077.75,7,take_profit
orb_break_direct_fixed_r_t2.0,USATECHIDXUSD,ORB,break_direct,128,LONG,2026-06-10,2026-06-10 09:38:00+00:00,2026-06-10 11:11:00+00:00,28923.51144,28739.25300,28739.25300,29292.02832,184.3,-1.0000,1.5723,1.0771,1.5,28882.95800,28739.25300,143.7,95.7,1.501,0.778,OFF,0.00,-50.39,10027.36,93,stop_loss
orb_break_direct_fixed_r_t2.0,USATECHIDXUSD,ORB,break_direct,129,LONG,2026-06-11,2026-06-11 09:49:00+00:00,2026-06-11 10:56:00+00:00,28846.90253,28639.00000,28639.00000,29262.70760,207.9,-1.0000,0.8096,1.0448,1.9,28745.43600,28639.00000,106.4,99.5,1.070,0.995,OFF,0.00,-50.14,9977.23,67,stop_loss
orb_break_direct_fixed_r_t2.0,USATECHIDXUSD,ORB,break_direct,130,SHORT,2026-06-12,2026-06-12 09:43:00+00:00,2026-06-12 10:03:00+00:00,29257.88096,29469.92000,29469.92000,28833.80287,212.0,-1.0000,0.2432,1.0608,1.4,29469.92000,29280.33100,189.6,99.5,1.905,0.869,OFF,0.00,-49.89,9927.34,20,stop_loss
orb_break_direct_fixed_r_t2.0,USATECHIDXUSD,ORB,break_direct,131,LONG,2026-06-12,2026-06-12 10:07:00+00:00,2026-06-12 15:54:00+00:00,29484.73227,29630.10371,29280.33100,29893.53482,204.4,0.7112,1.2318,0.7458,1.4,29469.92000,29280.33100,189.6,99.5,1.905,0.869,OFF,0.00,35.30,9962.64,347,session_flat
orb_break_direct_fixed_r_t2.0,USATECHIDXUSD,ORB,break_direct,132,LONG,2026-06-15,2026-06-15 09:36:00+00:00,2026-06-15 11:50:00+00:00,30374.21381,30552.33544,30285.15300,30552.33544,89.1,2.0000,2.0297,0.5189,1.4,30367.01000,30285.15300,81.9,111.8,0.732,0.705,OFF,0.00,99.63,10062.27,134,take_profit
orb_break_direct_fixed_r_t2.0,USATECHIDXUSD,ORB,break_direct,133,LONG,2026-06-16,2026-06-16 09:36:00+00:00,2026-06-16 10:19:00+00:00,30510.58674,30429.48900,30429.48900,30672.78222,81.1,-1.0000,0.6945,1.3241,1.2,30494.23200,30429.48900,64.7,111.2,0.582,1.108,OFF,0.00,-50.31,10011.96,43,stop_loss
orb_break_direct_fixed_r_t2.0,USATECHIDXUSD,ORB,break_direct,134,SHORT,2026-06-16,2026-06-16 10:21:00+00:00,2026-06-16 10:58:00+00:00,30416.03205,30259.63216,30494.23200,30259.63216,78.2,2.0000,2.0911,0.3440,1.3,30494.23200,30429.48900,64.7,111.2,0.582,1.108,OFF,0.00,100.12,10112.08,37,take_profit
orb_break_direct_fixed_r_t2.0,USATECHIDXUSD,ORB,break_direct,135,SHORT,2026-06-17,2026-06-17 09:39:00+00:00,2026-06-17 09:45:00+00:00,30072.22956,30193.31600,30193.31600,29830.05667,121.1,-1.0000,0.0692,1.1107,1.2,30193.31600,30085.90300,107.4,111.5,0.963,1.106,OFF,0.00,-50.56,10061.52,6,stop_loss
orb_break_direct_fixed_r_t2.0,USATECHIDXUSD,ORB,break_direct,136,SHORT,2026-06-17,2026-06-17 09:57:00+00:00,2026-06-17 10:23:00+00:00,30079.39920,30193.31600,30193.31600,29851.56559,113.9,-1.0000,0.7944,0.9980,1.2,30193.31600,30085.90300,107.4,111.5,0.963,1.106,OFF,0.00,-50.31,10011.21,26,stop_loss
orb_break_direct_fixed_r_t2.0,USATECHIDXUSD,ORB,break_direct,137,SHORT,2026-06-18,2026-06-18 09:36:00+00:00,2026-06-18 10:18:00+00:00,30148.10101,30294.39800,30294.39800,29855.50704,146.3,-1.0000,0.5086,1.0170,1.5,30294.39800,30162.38600,132.0,111.6,1.183,0.790,OFF,0.00,-50.06,9961.15,42,stop_loss
orb_break_direct_fixed_r_t2.0,USATECHIDXUSD,ORB,break_direct,138,LONG,2026-06-18,2026-06-18 10:24:00+00:00,2026-06-18 10:30:00+00:00,30316.16137,30162.38600,30162.38600,30623.71210,153.8,-1.0000,0.1154,1.0718,1.3,30294.39800,30162.38600,132.0,111.6,1.183,0.790,OFF,0.00,-49.81,9911.35,6,stop_loss
orb_break_direct_fixed_r_t2.0,USATECHIDXUSD,ORB,break_direct,139,LONG,2026-06-19,2026-06-19 09:57:00+00:00,2026-06-19 12:58:00+00:00,30375.82083,30335.67975,30323.14300,30481.17648,52.7,-0.7620,0.3432,0.8766,1.4,30367.30900,30323.14300,44.2,116.8,0.378,0.678,OFF,0.00,-37.76,9873.59,181,session_flat
orb_break_direct_fixed_r_t2.0,USATECHIDXUSD,ORB,break_direct,140,LONG,2026-06-22,2026-06-22 09:39:00+00:00,2026-06-22 10:27:00+00:00,30600.43895,30445.77200,30445.77200,30909.77284,154.7,-1.0000,0.3006,1.1239,1.3,30590.70800,30445.77200,144.9,112.1,1.293,1.121,OFF,0.00,-49.37,9824.22,48,stop_loss
orb_break_direct_fixed_r_t2.0,USATECHIDXUSD,ORB,break_direct,141,LONG,2026-06-23,2026-06-23 09:40:00+00:00,2026-06-23 14:45:00+00:00,29471.33753,29307.77900,29307.77900,29798.45459,163.6,-1.0000,1.6840,1.0302,1.4,29462.39200,29307.77900,154.6,115.6,1.337,1.479,OFF,0.00,-49.12,9775.10,305,stop_loss
orb_break_direct_fixed_r_t2.0,USATECHIDXUSD,ORB,break_direct,142,SHORT,2026-06-24,2026-06-24 09:42:00+00:00,2026-06-24 10:46:00+00:00,29319.93358,29532.02100,29532.02100,28895.75875,212.1,-1.0000,0.4668,1.0546,1.3,29532.02100,29330.81200,201.2,120.1,1.676,1.185,OFF,0.00,-48.88,9726.22,64,stop_loss
orb_break_direct_fixed_r_t2.0,USATECHIDXUSD,ORB,break_direct,143,SHORT,2026-06-25,2026-06-25 09:38:00+00:00,2026-06-25 09:45:00+00:00,29730.69662,29404.31587,29893.88700,29404.31587,163.2,2.0000,2.1033,0.0413,1.4,29893.88700,29739.42500,154.5,124.2,1.243,0.912,OFF,0.00,97.26,9823.48,7,take_profit
orb_break_direct_fixed_r_t2.0,USATECHIDXUSD,ORB,break_direct,144,LONG,2026-06-26,2026-06-26 09:57:00+00:00,2026-06-26 15:54:00+00:00,29119.92136,29155.39794,28886.66400,29586.43609,233.3,0.1521,1.2652,0.1133,2.0,29073.04200,28886.66400,186.4,128.1,1.454,1.551,OFF,0.00,7.47,9830.95,357,session_flat
orb_break_direct_fixed_r_t2.0,USATECHIDXUSD,ORB,break_direct,145,LONG,2026-06-29,2026-06-29 09:45:00+00:00,2026-06-29 10:00:00+00:00,29495.69183,29267.45300,29267.45300,29952.16950,228.2,-1.0000,0.2108,1.1255,1.8,29476.78300,29267.45300,209.3,129.5,1.616,1.291,OFF,0.00,-49.15,9781.80,15,stop_loss
orb_break_direct_fixed_r_t2.0,USATECHIDXUSD,ORB,break_direct,146,SHORT,2026-06-29,2026-06-29 10:05:00+00:00,2026-06-29 12:00:00+00:00,29249.69022,29476.78300,29476.78300,28795.50467,227.1,-1.0000,1.1779,1.4222,1.2,29476.78300,29267.45300,209.3,129.5,1.616,1.291,OFF,0.00,-48.91,9732.89,55,stop_loss
orb_break_direct_fixed_r_t2.0,USATECHIDXUSD,ORB,break_direct,147,LONG,2026-06-30,2026-06-30 09:36:00+00:00,2026-06-30 15:54:00+00:00,29972.64528,30300.71682,29751.50800,30414.91985,221.1,1.4836,1.5945,0.4216,1.2,29911.04700,29751.50800,159.5,137.2,1.163,0.963,OFF,0.00,72.20,9805.09,318,session_flat
orb_break_direct_fixed_r_t2.0,USATECHIDXUSD,ORB,break_direct,148,SHORT,2026-07-07,2026-07-07 09:39:00+00:00,2026-07-07 14:59:00+00:00,29261.95155,29157.67978,29447.34900,28891.15665,185.4,0.5624,0.5999,0.5729,1.0,29447.34900,29279.24200,168.1,138.3,1.215,1.570,OFF,0.00,27.57,9832.66,80,session_flat
orb_break_direct_fixed_r_t2.0,USATECHIDXUSD,ORB,break_direct,149,SHORT,2026-07-16,2026-07-16 09:36:00+00:00,2026-07-16 09:59:00+00:00,29222.34574,29154.20016,29334.93200,28997.17321,112.6,0.6053,1.3900,0.4765,0.9,29334.93200,29234.93100,100.0,138.0,0.725,1.298,OFF,0.00,29.76,9862.42,23,session_flat
orb_break_direct_fixed_r_t2.0,USATECHIDXUSD,ORB,break_direct,150,SHORT,2026-07-17,2026-07-17 09:36:00+00:00,2026-07-17 09:58:00+00:00,28353.22227,28495.44300,28495.44300,28068.78082,142.2,-1.0000,0.8538,1.0187,0.9,28495.44300,28352.72000,142.7,139.3,1.025,1.330,OFF,0.00,-49.31,9813.10,22,stop_loss
orb_break_direct_fixed_r_t2.0,USATECHIDXUSD,ORB,break_direct,151,LONG,2026-07-20,2026-07-20 09:37:00+00:00,2026-07-20 09:53:00+00:00,28972.05798,28853.28700,28853.28700,29209.59995,118.8,-1.0000,0.3620,1.0255,0.9,28959.59900,28853.28700,106.3,144.8,0.734,1.046,OFF,0.00,-49.07,9764.04,16,stop_loss
orb_break_direct_fixed_r_t2.0,USATECHIDXUSD,ORB,break_direct,152,SHORT,2026-07-20,2026-07-20 09:58:00+00:00,2026-07-20 15:54:00+00:00,28821.70867,28632.32817,28959.59900,28545.92801,137.9,1.3734,1.4552,0.8710,0.9,28959.59900,28853.28700,106.3,144.8,0.734,1.046,OFF,0.00,67.05,9831.09,356,session_flat
orb_break_direct_fixed_r_t2.0,USATECHIDXUSD,ORB,break_direct,153,SHORT,2026-07-21,2026-07-21 09:47:00+00:00,2026-07-21 10:45:00+00:00,28943.93216,29075.40900,29075.40900,28680.97847,131.5,-1.0000,0.3793,1.0231,0.9,29075.40900,28963.48900,111.9,144.7,0.773,1.095,OFF,0.00,-49.16,9781.93,58,stop_loss
orb_break_direct_fixed_r_t2.0,USATECHIDXUSD,ORB,break_direct,154,LONG,2026-07-22,2026-07-22 09:43:00+00:00,2026-07-22 11:20:00+00:00,28995.28024,29148.64671,28918.59700,29148.64671,76.7,2.0000,2.0901,0.1265,0.9,28991.93200,28918.59700,73.3,143.3,0.512,0.936,OFF,0.00,97.82,9879.75,97,take_profit
orb_break_direct_fixed_r_t2.0,USATECHIDXUSD,ORB,break_direct,155,LONG,2026-07-23,2026-07-23 09:37:00+00:00,2026-07-23 10:33:00+00:00,28624.77465,28490.82100,28490.82100,28892.68194,134.0,-1.0000,0.7126,1.0519,0.9,28599.54200,28490.82100,108.7,145.4,0.748,1.111,OFF,0.00,-49.40,9830.35,56,stop_loss
orb_break_direct_fixed_r_t2.0,USATECHIDXUSD,ORB,break_direct,156,SHORT,2026-07-28,2026-07-28 09:37:00+00:00,2026-07-28 15:00:00+00:00,27709.12316,27837.85400,27837.85400,27451.66147,128.7,-1.0000,1.6601,1.0891,0.9,27837.85400,27720.30900,117.5,142.8,0.823,1.165,OFF,0.00,-49.15,9781.20,23,stop_loss
